{"cameraMode":{"drawMode":0,"name":"Shaded","section":"Shading Mode"},"sceneLighting":true,"audioPlay":false,"sceneViewState":{"m_AlwaysRefresh":false,"showFog":true,"showSkybox":true,"showFlares":true,"showImageEffects":true,"showParticleSystems":true,"showVisualEffectGraphs":true,"m_FxEnabled":true},"in2DMode":false,"pivot":{"x":1.7554590702056885,"y":-9.648172378540039,"z":30.258525848388673},"rotation":{"x":0.1686548888683319,"y":-0.017741410061717035,"z":0.003035513684153557,"w":0.9855132699012756},"size":30.920223236083986,"orthographic":false}