{"cameraMode":{"drawMode":0,"name":"Shaded","section":"Shading Mode"},"sceneLighting":false,"audioPlay":false,"sceneViewState":{"m_AlwaysRefresh":false,"showFog":true,"showSkybox":false,"showFlares":true,"showImageEffects":true,"showParticleSystems":true,"showVisualEffectGraphs":true,"m_FxEnabled":true},"in2DMode":false,"pivot":{"x":19.502574920654298,"y":1.6802959442138672,"z":-5.960464477539063e-8},"rotation":{"x":0.09699467569589615,"y":-0.08350291848182678,"z":0.008166756480932236,"w":0.9917430281639099},"size":1.413084864616394,"orthographic":false}